{"cameraMode":{"drawMode":0,"name":"Shaded","section":"Shading Mode"},"sceneLighting":true,"audioPlay":false,"sceneViewState":{"showFog":true,"showMaterialUpdate":false,"showSkybox":true,"showFlares":true,"showImageEffects":true,"showParticleSystems":true},"in2DMode":false,"pivot":{"x":-1.3416590690612794,"y":0.40764617919921877,"z":1.3566136360168458},"rotation":{"x":-0.09826327115297318,"y":0.8598690629005432,"z":-0.1808575540781021,"w":-0.4671832025051117},"size":10.0,"orthographic":false}